direction,threshold,n,same_n,same_pct,zero_n,zero_pct,opp_n,opp_pct
K→PM_3c,3c,168,93,55.35714285714286,26,15.476190476190476,49,29.166666666666668
PM→K_3c,3c,194,82,42.2680412371134,85,43.81443298969072,27,13.917525773195877
K→PM_5c,5c,91,51,56.043956043956044,14,15.384615384615385,26,28.57142857142857
PM→K_5c,5c,64,36,56.25,19,29.6875,9,14.0625
