direction,threshold,n,same_n,same_pct,zero_n,zero_pct,opp_n,opp_pct
K→PM_3c,3c,183,97,53.00546448087432,32,17.48633879781421,54,29.508196721311474
PM→K_3c,3c,194,82,42.2680412371134,85,43.81443298969072,27,13.917525773195877
K→PM_5c,5c,100,52,52.0,19,19.0,29,28.999999999999996
PM→K_5c,5c,64,36,56.25,19,29.6875,9,14.0625
