era,n_fights,pm_med,pm_p90,k_med,k_p90,co_med,co_p90,frag_ratio
2025_lychee,181,191.0,710.0,161.0,1400.0,30.0,154.0,
2026_collector,100,154.0,561.1000000000003,1651.5,15237.900000000016,49.5,175.20000000000002,0.806282722513089
